<data>
	<board>
		<line>222222222</line>
		<line>111111111</line>
		<line>222222222</line>
		<line>222222222</line>
		<line>111111111</line>
		<line>222222222</line>
		<line>222222222</line>
		<line>222222222</line>
		<line>222222222</line>
	</board>
	<chips>
		<line>666656666</line>
		<line>631151226</line>
		<line>623215126</line>
		<line>631513136</line>
		<line>643661336</line>
		<line>651413146</line>
		<line>611411446</line>
		<line>654545456</line>
		<line>666666666</line>
	</chips>
	<emitters>
		<emitter>0,0</emitter>
		<emitter>1,0</emitter>
		<emitter>2,0</emitter>
		<emitter>3,0</emitter>
		<emitter>4,0</emitter>
		<emitter>5,0</emitter>
		<emitter>6,0</emitter>
		<emitter>7,0</emitter>
		<emitter>8,0</emitter>
	</emitters>
</data>