<data>
	<board>
		<line>000000000</line>
		<line>000010000</line>
		<line>000212000</line>
		<line>002111200</line>
		<line>011111110</line>
		<line>011111110</line>
		<line>002222200</line>
		<line>000020000</line>
		<line>000000000</line>
	</board>
	<chips>
		<line>000000000</line>
		<line>000010000</line>
		<line>000212000</line>
		<line>001252200</line>
		<line>061666160</line>
		<line>023315340</line>
		<line>002125200</line>
		<line>000050000</line>
		<line>000000000</line>
	</chips>
	<emitters>
		<emitter>4,1</emitter>
	</emitters>
</data>